{"name":"reusableOffice365Login","displayName":"reusableOffice365Login","type":"oauth2","version":"v1","metaPreference":-1,"config":"{\"logout_url\":\"\",\"auth_type\":\"oauth2\",\"additional_data\":{\"refresh_request\":[],\"token_request\":[],\"profile_request\":[],\"authorize_request\":[]},\"profile\":{\"profile_attribute_selectors\":{\"federation_id\":\"\",\"last_name\":\"\",\"custom_profile_attribute_selectors\":{},\"first_name\":\"\",\"email\":\"\"},\"endpoint\":{\"location\":\"\",\"type\":\"none\",\"value\":\"\"},\"request_method\":\"GET\"},\"authentication_scheme\":\"header\",\"client_authentication\":{\"authentication_scheme\":\"header\",\"client_secret\":\"------dummy-----\",\"client_id\":\"------dummy-----\"},\"oauthProviderType\":\"default\",\"authorization_endpoint\":\"https://login.microsoftonline.com/f555833e-47a1-472c-80fc-8e0669657fd0/oauth2/authorize\",\"token_endpoint\":\"https://login.microsoftonline.com/f555833e-47a1-472c-80fc-8e0669657fd0/oauth2/token\"}","policyConfig":"{\"def_user_status\":\"pending\",\"max_login_fail\":5}","admissionPolicy":"no_approval_needed","ssoenabled":false}